marca,corpus,ano,pares,executados,nao_executado,nao_executado_nao_constroi_c,nao_executado_nao_constroi_p,nao_executado_teto,nao_executado_zic_recusa_c,nao_executado_zic_recusa_p,nao_det_pares,nao_det_elementos,identidade_pares,identidade_elementos,ciclo_pares,ciclo_componentes,pendente_pares,pendente_nomes,grafo_vazio_pares
CONFIRMATORIO,tz,2012,11,0,11,0,0,0,0,11,0,0,0,0,0,0,0,0,0
CONFIRMATORIO,tz,2013,57,4,53,0,0,0,0,53,0,0,0,0,0,0,0,0,0
CONFIRMATORIO,tz,2014,141,141,0,0,0,0,0,0,0,0,15,152,0,0,0,0,0
CONFIRMATORIO,tz,2015,62,62,0,0,0,0,0,0,0,0,7,10,0,0,0,0,0
CONFIRMATORIO,tz,2016,99,99,0,0,0,0,0,0,0,0,12,16,0,0,0,0,0
CONFIRMATORIO,tz,2017,55,55,0,0,0,0,0,0,0,0,2,2,0,0,0,0,0
CONFIRMATORIO,tz,2018,93,93,0,0,0,0,0,0,0,0,2,2,0,0,0,0,0
CONFIRMATORIO,tz,2019,75,75,0,0,0,0,0,0,0,0,2,3,0,0,0,0,0
CONFIRMATORIO,tz,2020,53,53,0,0,0,0,0,0,0,0,1,1,0,0,0,0,0
CONFIRMATORIO,tz,2021,38,38,0,0,0,0,0,0,0,0,4,85,0,0,0,0,0
CONFIRMATORIO,tz,2022,86,86,0,0,0,0,0,0,0,0,9,32,0,0,0,0,0
CONFIRMATORIO,tz,2023,32,32,0,0,0,0,0,0,0,0,1,1,0,0,0,0,0
CONFIRMATORIO,tz,2024,36,36,0,0,0,0,0,0,0,0,3,12,0,0,0,0,0
CONFIRMATORIO,tz,2025,15,15,0,0,0,0,0,0,0,0,1,1,0,0,0,0,0
CONFIRMATORIO,tz,2026,50,50,0,0,0,0,0,0,0,0,5,8,0,0,0,0,0
CONFIRMATORIO,tz,todos,903,839,64,0,0,0,0,64,0,0,64,325,0,0,0,0,0
CONFIRMATORIO,zlib,2011,55,55,0,0,0,0,0,0,0,0,0,0,0,0,0,0,0
CONFIRMATORIO,zlib,2012,82,80,2,1,1,0,0,0,0,0,0,0,0,0,0,0,0
CONFIRMATORIO,zlib,2013,29,29,0,0,0,0,0,0,0,0,0,0,0,0,0,0,0
CONFIRMATORIO,zlib,2014,5,5,0,0,0,0,0,0,0,0,0,0,0,0,0,0,0
CONFIRMATORIO,zlib,2015,18,18,0,0,0,0,0,0,0,0,0,0,0,0,0,0,0
CONFIRMATORIO,zlib,2016,50,50,0,0,0,0,0,0,0,0,0,0,0,0,0,0,0
CONFIRMATORIO,zlib,2017,35,35,0,0,0,0,0,0,0,0,0,0,0,0,0,0,0
CONFIRMATORIO,zlib,2018,8,8,0,0,0,0,0,0,0,0,0,0,0,0,0,0,0
CONFIRMATORIO,zlib,2019,8,8,0,0,0,0,0,0,0,0,0,0,0,0,0,0,0
CONFIRMATORIO,zlib,2020,3,3,0,0,0,0,0,0,0,0,0,0,0,0,0,0,0
CONFIRMATORIO,zlib,2021,3,3,0,0,0,0,0,0,0,0,0,0,0,0,0,0,0
CONFIRMATORIO,zlib,2022,44,44,0,0,0,0,0,0,0,0,0,0,0,0,0,0,0
CONFIRMATORIO,zlib,2023,36,36,0,0,0,0,0,0,0,0,0,0,0,0,0,0,0
CONFIRMATORIO,zlib,2024,45,45,0,0,0,0,0,0,0,0,0,0,0,0,0,0,0
CONFIRMATORIO,zlib,2025,32,32,0,0,0,0,0,0,0,0,0,0,0,0,0,0,0
CONFIRMATORIO,zlib,2026,49,49,0,0,0,0,0,0,0,0,0,0,0,0,0,0,0
CONFIRMATORIO,zlib,todos,502,500,2,1,1,0,0,0,0,0,0,0,0,0,0,0,0
CONFIRMATORIO,lua,2010,69,62,7,0,7,0,0,0,0,0,0,0,0,0,0,0,0
CONFIRMATORIO,lua,2011,55,50,5,0,5,0,0,0,0,0,0,0,0,0,0,0,0
CONFIRMATORIO,lua,2012,18,18,0,0,0,0,0,0,0,0,0,0,0,0,0,0,0
CONFIRMATORIO,lua,2013,37,37,0,0,0,0,0,0,0,0,0,0,0,0,0,0,0
CONFIRMATORIO,lua,2014,94,91,3,0,3,0,0,0,0,0,0,0,0,0,0,0,0
CONFIRMATORIO,lua,2015,63,62,1,1,0,0,0,0,0,0,0,0,0,0,0,0,0
CONFIRMATORIO,lua,2016,19,19,0,0,0,0,0,0,0,0,0,0,0,0,0,0,0
CONFIRMATORIO,lua,2017,44,42,2,0,2,0,0,0,0,0,0,0,0,0,0,0,0
CONFIRMATORIO,lua,2018,28,19,9,0,9,0,0,0,0,0,0,0,0,0,0,0,0
CONFIRMATORIO,lua,2019,34,34,0,0,0,0,0,0,0,0,0,0,0,0,0,0,0
CONFIRMATORIO,lua,2020,24,24,0,0,0,0,0,0,0,0,0,0,0,0,0,0,0
CONFIRMATORIO,lua,2021,21,21,0,0,0,0,0,0,0,0,0,0,0,0,0,0,0
CONFIRMATORIO,lua,2022,18,18,0,0,0,0,0,0,0,0,0,0,0,0,0,0,0
CONFIRMATORIO,lua,2023,21,20,1,1,0,0,0,0,0,0,0,0,0,0,0,0,0
CONFIRMATORIO,lua,2024,25,25,0,0,0,0,0,0,0,0,0,0,0,0,0,0,0
CONFIRMATORIO,lua,2025,20,20,0,0,0,0,0,0,0,0,0,0,0,0,0,0,0
CONFIRMATORIO,lua,2026,10,10,0,0,0,0,0,0,0,0,0,0,0,0,0,0,0
CONFIRMATORIO,lua,todos,600,572,28,2,26,0,0,0,0,0,0,0,0,0,0,0,0
