marca,corpus,atribuicao,lado,categoria,classe_do_gancho,n_instancias,elementos_distintos,pares_com_instancia,n_pares,frac_pares,wilson_lo,wilson_hi,instancias_do_lado,frac_lado,boot_lo,boot_hi,boot_reamostras_indefinidas,frac_todas_instancias,status
CONFIRMATORIO,zlib,primario,FN,T4,,28,13,3,500,0.006000,0.002043,0.017490,28,1.000000,1.000000,1.000000,511,0.009989,exercida
CONFIRMATORIO,zlib,primario,FN,T3m-FN,,0,0,0,500,0.000000,0.000000,0.007624,28,0.000000,0.000000,0.000000,511,0.000000,nao_exercida
CONFIRMATORIO,zlib,primario,FN,T1b,,0,0,0,500,0.000000,0.000000,0.007624,28,0.000000,,,,0.000000,nao_se_aplica
CONFIRMATORIO,zlib,primario,FN,INCLASSIFICADO-FN,,0,0,0,500,0.000000,0.000000,0.007624,28,0.000000,0.000000,0.000000,511,0.000000,nao_exercida
CONFIRMATORIO,zlib,primario,FP,T3m-FP,,15,15,1,500,0.002000,0.000353,0.011241,2775,0.005405,0.000000,0.017268,0,0.005351,exercida
CONFIRMATORIO,zlib,primario,FP,T2,,918,15,83,500,0.166000,0.135958,0.201135,2775,0.330811,0.267180,0.395665,0,0.327506,exercida
CONFIRMATORIO,zlib,primario,FP,T1a,,0,0,0,500,0.000000,0.000000,0.007624,2775,0.000000,,,,0.000000,nao_se_aplica
CONFIRMATORIO,zlib,primario,FP,T5,,1842,15,235,500,0.470000,0.426648,0.513809,2775,0.663784,0.598076,0.727735,0,0.657153,exercida
CONFIRMATORIO,zlib,multirrotulo,FN,T4,,28,13,3,500,0.006000,0.002043,0.017490,28,1.000000,1.000000,1.000000,511,0.009989,exercida
CONFIRMATORIO,zlib,multirrotulo,FN,T3m-FN,,0,0,0,500,0.000000,0.000000,0.007624,28,0.000000,0.000000,0.000000,511,0.000000,nao_exercida
CONFIRMATORIO,zlib,multirrotulo,FN,T1b,,0,0,0,500,0.000000,0.000000,0.007624,28,0.000000,,,,0.000000,nao_se_aplica
CONFIRMATORIO,zlib,multirrotulo,FN,INCLASSIFICADO-FN,,0,0,0,500,0.000000,0.000000,0.007624,28,0.000000,0.000000,0.000000,511,0.000000,nao_exercida
CONFIRMATORIO,zlib,multirrotulo,FP,T3m-FP,,15,15,1,500,0.002000,0.000353,0.011241,2775,0.005405,0.000000,0.017268,0,0.005351,exercida
CONFIRMATORIO,zlib,multirrotulo,FP,T2,,918,15,83,500,0.166000,0.135958,0.201135,2775,0.330811,0.267180,0.395665,0,0.327506,exercida
CONFIRMATORIO,zlib,multirrotulo,FP,T1a,,0,0,0,500,0.000000,0.000000,0.007624,2775,0.000000,,,,0.000000,nao_se_aplica
CONFIRMATORIO,zlib,multirrotulo,FP,T5,,1842,15,235,500,0.470000,0.426648,0.513809,2775,0.663784,0.598076,0.727735,0,0.657153,exercida
CONFIRMATORIO,zlib,alt_c,FN,T4,,28,13,3,500,0.006000,0.002043,0.017490,28,1.000000,1.000000,1.000000,511,0.009989,exercida
CONFIRMATORIO,zlib,alt_c,FN,T3m-FN,,0,0,0,500,0.000000,0.000000,0.007624,28,0.000000,0.000000,0.000000,511,0.000000,nao_exercida
CONFIRMATORIO,zlib,alt_c,FN,T1b,,0,0,0,500,0.000000,0.000000,0.007624,28,0.000000,,,,0.000000,nao_se_aplica
CONFIRMATORIO,zlib,alt_c,FN,INCLASSIFICADO-FN,,0,0,0,500,0.000000,0.000000,0.007624,28,0.000000,0.000000,0.000000,511,0.000000,nao_exercida
CONFIRMATORIO,zlib,alt_c,FP,T3m-FP,,15,15,1,500,0.002000,0.000353,0.011241,2775,0.005405,0.000000,0.017268,0,0.005351,exercida
CONFIRMATORIO,zlib,alt_c,FP,T2,,918,15,83,500,0.166000,0.135958,0.201135,2775,0.330811,0.267180,0.395665,0,0.327506,exercida
CONFIRMATORIO,zlib,alt_c,FP,T1a,,0,0,0,500,0.000000,0.000000,0.007624,2775,0.000000,,,,0.000000,nao_se_aplica
CONFIRMATORIO,zlib,alt_c,FP,T5,,1842,15,235,500,0.470000,0.426648,0.513809,2775,0.663784,0.598076,0.727735,0,0.657153,exercida
CONFIRMATORIO,zlib,ablacao,FN,d3,T2,0,0,0,500,0.000000,0.000000,0.007624,28,0.000000,0.000000,0.000000,511,0.000000,descritivo
CONFIRMATORIO,zlib,ablacao,FN,d2-extraido,T3m-FN,0,0,0,500,0.000000,0.000000,0.007624,28,0.000000,0.000000,0.000000,511,0.000000,descritivo
CONFIRMATORIO,zlib,ablacao,FN,d6,T4,28,13,3,500,0.006000,0.002043,0.017490,28,1.000000,1.000000,1.000000,511,0.009989,descritivo
CONFIRMATORIO,zlib,ablacao,FN,SOBREPOSTA,,0,0,0,500,0.000000,0.000000,0.007624,28,0.000000,0.000000,0.000000,511,0.000000,descritivo
CONFIRMATORIO,zlib,ablacao,FN,COMPOSTA,,0,0,0,500,0.000000,0.000000,0.007624,28,0.000000,0.000000,0.000000,511,0.000000,descritivo
CONFIRMATORIO,zlib,ablacao,FN,NAO_REMOVIDA,,0,0,0,500,0.000000,0.000000,0.007624,28,0.000000,0.000000,0.000000,511,0.000000,descritivo
CONFIRMATORIO,zlib,ablacao,FP,d3,T2,953,15,90,500,0.180000,0.148805,0.216075,2775,0.343423,0.278912,0.409907,0,0.339993,descritivo
CONFIRMATORIO,zlib,ablacao,FP,d2-extraido,T3m-FP,15,15,1,500,0.002000,0.000353,0.011241,2775,0.005405,0.000000,0.017268,0,0.005351,descritivo
CONFIRMATORIO,zlib,ablacao,FP,d6,T4,0,0,0,500,0.000000,0.000000,0.007624,2775,0.000000,0.000000,0.000000,0,0.000000,descritivo
CONFIRMATORIO,zlib,ablacao,FP,SOBREPOSTA,,0,0,0,500,0.000000,0.000000,0.007624,2775,0.000000,0.000000,0.000000,0,0.000000,descritivo
CONFIRMATORIO,zlib,ablacao,FP,COMPOSTA,,0,0,0,500,0.000000,0.000000,0.007624,2775,0.000000,0.000000,0.000000,0,0.000000,descritivo
CONFIRMATORIO,zlib,ablacao,FP,NAO_REMOVIDA,,1807,15,229,500,0.458000,0.414815,0.501826,2775,0.651171,0.584676,0.715694,0,0.644666,descritivo
